,Position,Trecel7A residue,CBH consensus residue,EG consensus residue,Frequency of aromatic residues in CBHs (%),Frequency of aromatic residues in EGs (%),Closest subsite,Distance to closest subsite (Å),Aromatic residues conserved (>66%) in
3,47,S,Y,-,46.8,13.8,-7,3.9,None
2,40,W,W,W,93.3,36.0,-6,3.4,CBH
1,39,R,R,H,0.0,60.4,-5,3.6,None
5,53,G,G,W,0.3,29.4,-5,4.9,None
4,51,Y,Y,G,92.6,2.0,-5,3.6,CBH
6,82,Y,Y,Y,94.9,31.7,-5,3.8,CBH
0,38,W,W,A,94.2,29.4,-4,3.2,CBH
14,370,Y,H,E,87.3,1.8,-3,5.3,CBH
11,247,Y,Y,-,46.9,0.0,-2,2.7,None
7,145,Y,Y,Y,97.9,98.9,-2,2.7,CBH and EG
13,367,W,W,W,94.3,98.6,-1,3.0,CBH and EG
8,171,Y,Y,Y,98.0,97.3,-1,3.8,CBH and EG
9,216,W,W,W,97.9,68.1,-1,5.6,CBH and EG
10,228,H,H,H,96.6,97.5,1,2.8,CBH and EG
15,376,W,W,W,96.8,99.1,2,3.5,CBH and EG
12,252,Y,Y,-,85.0,17.2,2,5.8,CBH
16,381,Y,Y,-,92.8,0.2,2,3.5,CBH